{
  "horizon": 2,
  "q30": -0.029449,
  "q70": 0.028877,
  "n_train_rows": 1461,
  "n_train_with_return": 1461,
  "n_buy": 463,
  "n_hold": 634,
  "n_sell": 472
}