{
  "horizon": 7,
  "q30": -0.026763,
  "q70": 0.03661,
  "n_train_rows": 1461,
  "n_train_with_return": 1461,
  "n_buy": 456,
  "n_hold": 632,
  "n_sell": 476
}