{
  "horizon": 1,
  "q30": -0.009438,
  "q70": 0.01112,
  "n_train_rows": 1461,
  "n_train_with_return": 1461,
  "n_buy": 468,
  "n_hold": 623,
  "n_sell": 479
}