{
  "horizon": 7,
  "q30": -0.056217,
  "q70": 0.035268,
  "n_train_rows": 1461,
  "n_train_with_return": 1461,
  "n_buy": 457,
  "n_hold": 629,
  "n_sell": 478
}