{
  "horizon": 7,
  "q30": -0.042287,
  "q70": 0.031952,
  "n_train_rows": 1461,
  "n_train_with_return": 1461,
  "n_buy": 461,
  "n_hold": 627,
  "n_sell": 476
}