{
  "horizon": 10,
  "q30": -0.052149,
  "q70": 0.041945,
  "n_train_rows": 1461,
  "n_train_with_return": 1461,
  "n_buy": 453,
  "n_hold": 629,
  "n_sell": 479
}