{
  "horizon": 1,
  "q30": -0.012777,
  "q70": 0.012502,
  "n_train_rows": 1461,
  "n_train_with_return": 1461,
  "n_buy": 471,
  "n_hold": 624,
  "n_sell": 475
}