{
  "horizon": 7,
  "q30": -0.038219,
  "q70": 0.042088,
  "n_train_rows": 1461,
  "n_train_with_return": 1461,
  "n_buy": 463,
  "n_hold": 628,
  "n_sell": 473
}