{
  "horizon": 7,
  "q30": -0.065729,
  "q70": 0.040893,
  "n_train_rows": 1461,
  "n_train_with_return": 1461,
  "n_buy": 456,
  "n_hold": 630,
  "n_sell": 478
}