{
  "horizon": 1,
  "q30": -0.015459,
  "q70": 0.015506,
  "n_train_rows": 1461,
  "n_train_with_return": 1461,
  "n_buy": 464,
  "n_hold": 634,
  "n_sell": 472
}