{
  "horizon": 3,
  "q30": -0.027203,
  "q70": 0.02836,
  "n_train_rows": 1461,
  "n_train_with_return": 1461,
  "n_buy": 459,
  "n_hold": 634,
  "n_sell": 475
}