{
  "horizon": 1,
  "q30": -0.02113,
  "q70": 0.020282,
  "n_train_rows": 1461,
  "n_train_with_return": 1461,
  "n_buy": 462,
  "n_hold": 639,
  "n_sell": 469
}