{
  "horizon": 1,
  "q30": -0.023105,
  "q70": 0.019175,
  "n_train_rows": 1461,
  "n_train_with_return": 1461,
  "n_buy": 464,
  "n_hold": 641,
  "n_sell": 465
}