{
  "horizon": 10,
  "q30": -0.086621,
  "q70": 0.062329,
  "n_train_rows": 1461,
  "n_train_with_return": 1461,
  "n_buy": 449,
  "n_hold": 643,
  "n_sell": 469
}